{
    "name": "root",
    "gauges": {
        "Fight.Policy.Entropy.mean": {
            "value": 0.9549803137779236,
            "min": 0.7571350336074829,
            "max": 1.386011004447937,
            "count": 192
        },
        "Fight.Policy.ExtrinsicValueEstimate.mean": {
            "value": 0.04051773250102997,
            "min": -0.09908472746610641,
            "max": 0.1431698203086853,
            "count": 192
        },
        "Fight.Environment.EpisodeLength.mean": {
            "value": 414.45,
            "min": 276.9166666666667,
            "max": 869.4444444444445,
            "count": 192
        },
        "Fight.Environment.CumulativeReward.mean": {
            "value": 0.2702328518387817,
            "min": -0.9369348676935318,
            "max": 0.31893713559423176,
            "count": 192
        },
        "Fight.Policy.ExtrinsicReward.mean": {
            "value": 0.2702328518387817,
            "min": -0.9369348676935318,
            "max": 0.31893713559423176,
            "count": 192
        },
        "Fight.IsTraining.mean": {
            "value": 1.0,
            "min": 1.0,
            "max": 1.0,
            "count": 192
        },
        "Fight.Losses.PolicyLoss.mean": {
            "value": 0.02189617631956935,
            "min": 0.015951178641989826,
            "max": 0.03444247196118037,
            "count": 186
        },
        "Fight.Losses.ValueLoss.mean": {
            "value": 0.010342055559158325,
            "min": 0.0015039423732863119,
            "max": 0.031036418365935483,
            "count": 186
        },
        "Fight.Policy.LearningRate.mean": {
            "value": 1.3224545591850003e-05,
            "min": 1.3224545591850003e-05,
            "max": 0.0002984619005127,
            "count": 186
        },
        "Fight.Policy.Epsilon.mean": {
            "value": 0.10440814999999996,
            "min": 0.10440814999999996,
            "max": 0.19948730000000006,
            "count": 186
        },
        "Fight.Policy.Beta.mean": {
            "value": 0.00022996668500000004,
            "min": 0.00022996668500000004,
            "max": 0.004974416270000001,
            "count": 186
        }
    },
    "metadata": {
        "timer_format_version": "0.1.0",
        "start_time_seconds": "1647174399",
        "python_version": "3.6.8 (tags/v3.6.8:3c6b436a57, Dec 24 2018, 00:16:47) [MSC v.1916 64 bit (AMD64)]",
        "command_line_arguments": "C:\\Python3_6_8\\Scripts\\mlagents-learn config/ppo/FoodCollectorFight.yaml --run-id=2022_0313_1526",
        "mlagents_version": "0.23.0",
        "mlagents_envs_version": "0.23.0",
        "communication_protocol_version": "1.3.0",
        "pytorch_version": "1.7.0+cu110",
        "numpy_version": "1.18.5",
        "end_time_seconds": "1647176714"
    },
    "total": 2314.9758107,
    "count": 1,
    "self": 0.008424599999671045,
    "children": {
        "run_training.setup": {
            "total": 0.0133262,
            "count": 1,
            "self": 0.0133262
        },
        "TrainerController.start_learning": {
            "total": 2314.9540599,
            "count": 1,
            "self": 3.629109600080483,
            "children": {
                "TrainerController._reset_env": {
                    "total": 8.0504272,
                    "count": 1,
                    "self": 8.0504272
                },
                "TrainerController.advance": {
                    "total": 2303.1847454999197,
                    "count": 120385,
                    "self": 1.7808257999072339,
                    "children": {
                        "env_step": {
                            "total": 2301.4039197000125,
                            "count": 120385,
                            "self": 1676.0252163000341,
                            "children": {
                                "SubprocessEnvManager._take_step": {
                                    "total": 623.5607574000206,
                                    "count": 120385,
                                    "self": 9.43353900014938,
                                    "children": {
                                        "TorchPolicy.evaluate": {
                                            "total": 614.1272183998713,
                                            "count": 120385,
                                            "self": 256.6386173998662,
                                            "children": {
                                                "TorchPolicy.sample_actions": {
                                                    "total": 357.4886010000051,
                                                    "count": 120385,
                                                    "self": 357.4886010000051
                                                }
                                            }
                                        }
                                    }
                                },
                                "workers": {
                                    "total": 1.8179459999575798,
                                    "count": 120384,
                                    "self": 0.0,
                                    "children": {
                                        "worker_root": {
                                            "total": 2303.4997094000396,
                                            "count": 120384,
                                            "is_parallel": true,
                                            "self": 875.2078618000044,
                                            "children": {
                                                "steps_from_proto": {
                                                    "total": 0.0009852,
                                                    "count": 1,
                                                    "is_parallel": true,
                                                    "self": 0.00022100000000000017,
                                                    "children": {
                                                        "_process_vector_observation": {
                                                            "total": 0.0007641999999999999,
                                                            "count": 4,
                                                            "is_parallel": true,
                                                            "self": 0.0007641999999999999
                                                        }
                                                    }
                                                },
                                                "UnityEnvironment.step": {
                                                    "total": 1428.2908624000352,
                                                    "count": 120384,
                                                    "is_parallel": true,
                                                    "self": 22.376765100114653,
                                                    "children": {
                                                        "UnityEnvironment._generate_step_input": {
                                                            "total": 32.91965889994261,
                                                            "count": 120384,
                                                            "is_parallel": true,
                                                            "self": 32.91965889994261
                                                        },
                                                        "communicator.exchange": {
                                                            "total": 1294.4175575999784,
                                                            "count": 120384,
                                                            "is_parallel": true,