{
    "Fight": {
        "checkpoints": [
            {
                "steps": 499971,
                "file_path": "results\\2022_0313_2108\\Fight\\Fight-499971.onnx",
                "reward": -1.1083700175862758,
                "creation_time": 1647195529.8190832
            },
            {
                "steps": 999992,
                "file_path": "results\\2022_0313_2108\\Fight\\Fight-999992.onnx",
                "reward": 0.5714020078303292,
                "creation_time": 1647196142.9708428
            },
            {
                "steps": 1499987,
                "file_path": "results\\2022_0313_2108\\Fight\\Fight-1499987.onnx",
                "reward": 0.7486850164132193,
                "creation_time": 1647196750.063238
            },
            {
                "steps": 1987420,
                "file_path": "results\\2022_0313_2108\\Fight\\Fight-1987420.onnx",
                "reward": 0.08540598939483364,
                "creation_time": 1647197352.9396436
            }
        ],
        "final_checkpoint": {
            "steps": 1987420,
            "file_path": "results\\2022_0313_2108\\Fight.onnx",
            "reward": 0.08540598939483364,
            "creation_time": 1647197352.9396436
        }
    },
    "metadata": {
        "stats_format_version": "0.2.0",
        "mlagents_version": "0.23.0",
        "torch_version": "1.7.0+cu110",
        "tensorflow_version": -1
    }
}