{
    "name": "root",
    "gauges": {
        "Fight.Policy.Entropy.mean": {
            "value": 1.0775127410888672,
            "min": 0.9908360838890076,
            "max": 1.3860989809036255,
            "count": 160
        },
        "Fight.Environment.EpisodeLength.mean": {
            "value": 368.0,
            "min": 333.4,
            "max": 1415.3333333333333,
            "count": 160
        },
        "Fight.Policy.ExtrinsicValueEstimate.mean": {
            "value": 0.30465880036354065,
            "min": -0.2657518982887268,
            "max": 0.41301947832107544,
            "count": 160
        },
        "Fight.Environment.CumulativeReward.mean": {
            "value": 0.35175739924112953,
            "min": -1.2694245278835297,
            "max": 0.9412770710493389,
            "count": 160
        },
        "Fight.Policy.ExtrinsicReward.mean": {
            "value": 0.35175739924112953,
            "min": -1.2694245278835297,
            "max": 0.9412770710493389,
            "count": 160
        },
        "Fight.IsTraining.mean": {
            "value": 1.0,
            "min": 1.0,
            "max": 1.0,
            "count": 160
        },
        "Fight.Losses.PolicyLoss.mean": {
            "value": 0.015867459898193676,
            "min": 0.009849607308084766,
            "max": 0.023344524701436362,
            "count": 76
        },
        "Fight.Losses.ValueLoss.mean": {
            "value": 0.005149483704008162,
            "min": 0.0022406391139763097,
            "max": 0.03632094313700994,
            "count": 76
        },
        "Fight.Policy.LearningRate.mean": {
            "value": 0.0002762822179059301,
            "min": 0.0002762822179059301,
            "max": 0.0002996904001032,
            "count": 76
        },
        "Fight.Policy.Epsilon.mean": {
            "value": 0.19209406999999992,
            "min": 0.19209406999999992,
            "max": 0.19989680000000007,
            "count": 76
        },
        "Fight.Policy.Beta.mean": {
            "value": 0.004605494093000001,
            "min": 0.004605494093000001,
            "max": 0.004994850319999998,
            "count": 76
        }
    },
    "metadata": {
        "timer_format_version": "0.1.0",
        "start_time_seconds": "1647197526",
        "python_version": "3.6.8 (tags/v3.6.8:3c6b436a57, Dec 24 2018, 00:16:47) [MSC v.1916 64 bit (AMD64)]",
        "command_line_arguments": "C:\\Python3_6_8\\Scripts\\mlagents-learn config/ppo/CrawlerStaticFight.yaml --run-id=2022_0313_2151",
        "mlagents_version": "0.23.0",
        "mlagents_envs_version": "0.23.0",
        "communication_protocol_version": "1.3.0",
        "pytorch_version": "1.7.0+cu110",
        "numpy_version": "1.18.5",
        "end_time_seconds": "1647199581"
    },
    "total": 2055.2220733999998,
    "count": 1,
    "self": 0.08166660000006232,
    "children": {
        "run_training.setup": {
            "total": 0.0129512,
            "count": 1,
            "self": 0.0129512
        },
        "TrainerController.start_learning": {
            "total": 2055.1274556,
            "count": 1,
            "self": 3.072381299987228,
            "children": {
                "TrainerController._reset_env": {
                    "total": 9.1137093,
                    "count": 1,
                    "self": 9.1137093
                },
                "TrainerController.advance": {
                    "total": 2042.714065900012,
                    "count": 100541,
                    "self": 1.513020500018456,
                    "children": {
                        "env_step": {
                            "total": 2041.2010453999935,
                            "count": 100541,
                            "self": 1434.6057545000094,
                            "children": {
                                "SubprocessEnvManager._take_step": {
                                    "total": 605.0421088999749,
                                    "count": 100541,
                                    "self": 8.052974399995037,
                                    "children": {
                                        "TorchPolicy.evaluate": {
                                            "total": 596.9891344999799,
                                            "count": 100541,
                                            "self": 220.90478809997444,
                                            "children": {
                                                "TorchPolicy.sample_actions": {
                                                    "total": 376.0843464000054,
                                                    "count": 100541,
                                                    "self": 376.0843464000054
                                                }
                                            }
                                        }
                                    }
                                },
                                "workers": {
                                    "total": 1.5531820000092154,
                                    "count": 100540,
                                    "self": 0.0,
                                    "children": {
                                        "worker_root": {
                                            "total": 2043.2786682000242,
                                            "count": 100540,
                                            "is_parallel": true,
                                            "self": 809.0894444000371,
                                            "children": {
                                                "steps_from_proto": {
                                                    "total": 0.0007715,
                                                    "count": 1,
                                                    "is_parallel": true,
                                                    "self": 0.00028030000000000004,
                                                    "children": {
                                                        "_process_vector_observation": {
                                                            "total": 0.0004912,
                                                            "count": 4,
                                                            "is_parallel": true,
                                                            "self": 0.0004912
                                                        }
                                                    }
                                                },
                                                "UnityEnvironment.step": {
                                                    "total": 1234.1884522999871,
                                                    "count": 100540,
                                                    "is_parallel": true,
                                                    "self": 17.296295600019903,
                                                    "children": {
                                                        "UnityEnvironment._generate_step_input": {
                                                            "total": 27.898561499945846,
                                                            "count": 100540,
                                                            "is_parallel": true,
                                                            "self": 27.898561499945846
                                                        },
                                                        "communicator.exchange": {
                                                            "total": 1130.9370102999933,
                                                            "count": 100540,
                                                            "is_parallel": true,